Year,SERIES,Reference area,Occupation,Economic activity,UNIT_MEASURE,Value
2015,"Progress by countries in the degree of implementation of international instruments aiming to combat illegal, unreported and unregulated fishing (level of implementation: 1 lowest to 5 highest) [14.6.1]",,,,Number,1
2016,"Progress by countries in the degree of implementation of international instruments aiming to combat illegal, unreported and unregulated fishing (level of implementation: 1 lowest to 5 highest) [14.6.1]",,,,Number,1
2017,"Progress by countries in the degree of implementation of international instruments aiming to combat illegal, unreported and unregulated fishing (level of implementation: 1 lowest to 5 highest) [14.6.1]",,,,Number,1
2018,"Progress by countries in the degree of implementation of international instruments aiming to combat illegal, unreported and unregulated fishing (level of implementation: 1 lowest to 5 highest) [14.6.1]",,,,Number,1
2019,"Progress by countries in the degree of implementation of international instruments aiming to combat illegal, unreported and unregulated fishing (level of implementation: 1 lowest to 5 highest) [14.6.1]",,,,Number,1
2020,"Progress by countries in the degree of implementation of international instruments aiming to combat illegal, unreported and unregulated fishing (level of implementation: 1 lowest to 5 highest) [14.6.1]",,,,Number,1
