Year,SERIES,Reference area,Occupation,Economic activity,UNIT_MEASURE,Value
2015,Deaths attributed non-communicable diseases (number) [3.4.1],,,,"Per 100,000 population",190.3
2016,Deaths attributed non-communicable diseases (number) [3.4.1],,,,"Per 100,000 population",186.9
2017,Deaths attributed non-communicable diseases (number) [3.4.1],,,,"Per 100,000 population",174.2
2018,Deaths attributed non-communicable diseases (number) [3.4.1],,,,"Per 100,000 population",182.1
2019,Deaths attributed non-communicable diseases (number) [3.4.1],,,,"Per 100,000 population",170.6
