Year,SERIES,Reference area,Occupation,Economic activity,UNIT_MEASURE,Value
2015,"Coverage of treatment interventions (pharmacological, psychosocial and rehabilitation and aftercare services) for substance use disorders (%) [3.5.1]",,,,"Per 100,000 population",72
2016,"Coverage of treatment interventions (pharmacological, psychosocial and rehabilitation and aftercare services) for substance use disorders (%) [3.5.1]",,,,"Per 100,000 population",70
2017,"Coverage of treatment interventions (pharmacological, psychosocial and rehabilitation and aftercare services) for substance use disorders (%) [3.5.1]",,,,"Per 100,000 population",73
2018,"Coverage of treatment interventions (pharmacological, psychosocial and rehabilitation and aftercare services) for substance use disorders (%) [3.5.1]",,,,"Per 100,000 population",70
2019,"Coverage of treatment interventions (pharmacological, psychosocial and rehabilitation and aftercare services) for substance use disorders (%) [3.5.1]",,,,"Per 100,000 population",67
