Year,SERIES,Reference area,Age,UNIT_MEASURE,Value
2016,"Number of automated teller machines (ATMs) per 100,000 adults [8.10.1]",,15 years old and over,"Per 100,000 population",14.1
2017,"Number of automated teller machines (ATMs) per 100,000 adults [8.10.1]",,15 years old and over,"Per 100,000 population",11.8
2018,"Number of automated teller machines (ATMs) per 100,000 adults [8.10.1]",,15 years old and over,"Per 100,000 population",11.4
2019,"Number of automated teller machines (ATMs) per 100,000 adults [8.10.1]",,15 years old and over,"Per 100,000 population",14.5
2015,"Number of commercial bank branches per 100,000 adults [8.10.1]",,15 years old and over,"Per 100,000 population",6.4
2016,"Number of commercial bank branches per 100,000 adults [8.10.1]",,15 years old and over,"Per 100,000 population",6.2
2017,"Number of commercial bank branches per 100,000 adults [8.10.1]",,15 years old and over,"Per 100,000 population",4.6
2018,"Number of commercial bank branches per 100,000 adults [8.10.1]",,15 years old and over,"Per 100,000 population",4.2
2019,"Number of commercial bank branches per 100,000 adults [8.10.1]",,15 years old and over,"Per 100,000 population",4.0
