Year,SERIES,Reference area,Sex,Age,Degree of urbanisation,Occupation,Economic activity,UNIT_MEASURE,Value
2016,"Proportion of youth not in education, employment or training [8.6.1]",,,15 to 24 years old,,,,Percent,29.3
2016,"Proportion of youth not in education, employment or training [8.6.1]",,,15 to 24 years old,Rural,,,Percent,27.1
2016,"Proportion of youth not in education, employment or training [8.6.1]",,,15 to 24 years old,Urban,,,Percent,35.2
2016,"Proportion of youth not in education, employment or training [8.6.1]",,Female,15 to 24 years old,,,,Percent,49.3
2016,"Proportion of youth not in education, employment or training [8.6.1]",,Male,15 to 24 years old,,,,Percent,7.2
